{
  "prepare_queue": {
    "installed": [],
    "uninstalled": []
  },
  "config_munge": {
    "files": {
      "config.xml": {
        "parents": {
          "/*": [
            {
              "xml": "<feature name=\"InAppBrowser\"><param name=\"ios-package\" value=\"CDVInAppBrowser\" /><param name=\"onload\" value=\"true\" /></feature>",
              "count": 1
            },
            {
              "xml": "<feature name=\"UIInAppBrowser\"><param name=\"ios-package\" value=\"CDVUIInAppBrowser\" /><param name=\"onload\" value=\"true\" /></feature>",
              "count": 1
            },
            {
              "xml": "<feature name=\"WKInAppBrowser\"><param name=\"ios-package\" value=\"CDVWKInAppBrowser\" /><param name=\"onload\" value=\"true\" /></feature>",
              "count": 1
            },
            {
              "xml": "<feature name=\"File\"><param name=\"ios-package\" value=\"CDVFile\" /><param name=\"onload\" value=\"true\" /></feature>",
              "count": 1
            },
            {
              "xml": "<feature name=\"CDVWKWebViewEngine\"><param name=\"ios-package\" value=\"CDVWKWebViewEngine\" /></feature>",
              "count": 1
            },
            {
              "xml": "<preference name=\"CordovaWebViewEngine\" value=\"CDVWKWebViewEngine\" />",
              "count": 1
            }
          ]
        }
      }
    }
  },
  "installed_plugins": {
    "cordova-plugin-inappbrowser": {
      "PACKAGE_NAME": "$(PRODUCT_BUNDLE_IDENTIFIER)"
    },
    "cordova-plugin-whitelist": {
      "PACKAGE_NAME": "$(PRODUCT_BUNDLE_IDENTIFIER)"
    },
    "construct-plugin-file": {
      "PACKAGE_NAME": "$(PRODUCT_BUNDLE_IDENTIFIER)"
    },
    "cordova-plugin-wkwebview-engine": {
      "PACKAGE_NAME": "$(PRODUCT_BUNDLE_IDENTIFIER)"
    }
  },
  "dependent_plugins": {},
  "modules": [
    {
      "id": "cordova-plugin-inappbrowser.inappbrowser",
      "file": "plugins/cordova-plugin-inappbrowser/www/inappbrowser.js",
      "pluginId": "cordova-plugin-inappbrowser",
      "clobbers": [
        "cordova.InAppBrowser.open",
        "window.open"
      ]
    },
    {
      "id": "construct-plugin-file.DirectoryEntry",
      "file": "plugins/construct-plugin-file/www/DirectoryEntry.js",
      "pluginId": "construct-plugin-file",
      "clobbers": [
        "window.DirectoryEntry"
      ]
    },
    {
      "id": "construct-plugin-file.DirectoryReader",
      "file": "plugins/construct-plugin-file/www/DirectoryReader.js",
      "pluginId": "construct-plugin-file",
      "clobbers": [
        "window.DirectoryReader"
      ]
    },
    {
      "id": "construct-plugin-file.Entry",
      "file": "plugins/construct-plugin-file/www/Entry.js",
      "pluginId": "construct-plugin-file",
      "clobbers": [
        "window.Entry"
      ]
    },
    {
      "id": "construct-plugin-file.File",
      "file": "plugins/construct-plugin-file/www/File.js",
      "pluginId": "construct-plugin-file",
      "clobbers": [
        "window.File"
      ]
    },
    {
      "id": "construct-plugin-file.FileEntry",
      "file": "plugins/construct-plugin-file/www/FileEntry.js",
      "pluginId": "construct-plugin-file",
      "clobbers": [
        "window.FileEntry"
      ]
    },
    {
      "id": "construct-plugin-file.FileError",
      "file": "plugins/construct-plugin-file/www/FileError.js",
      "pluginId": "construct-plugin-file",
      "clobbers": [
        "window.FileError"
      ]
    },
    {
      "id": "construct-plugin-file.FileReader",
      "file": "plugins/construct-plugin-file/www/FileReader.js",
      "pluginId": "construct-plugin-file",
      "clobbers": [
        "window.FileReader"
      ]
    },
    {
      "id": "construct-plugin-file.FileSystem",
      "file": "plugins/construct-plugin-file/www/FileSystem.js",
      "pluginId": "construct-plugin-file",
      "clobbers": [
        "window.FileSystem"
      ]
    },
    {
      "id": "construct-plugin-file.FileUploadOptions",
      "file": "plugins/construct-plugin-file/www/FileUploadOptions.js",
      "pluginId": "construct-plugin-file",
      "clobbers": [
        "window.FileUploadOptions"
      ]
    },
    {
      "id": "construct-plugin-file.FileUploadResult",
      "file": "plugins/construct-plugin-file/www/FileUploadResult.js",
      "pluginId": "construct-plugin-file",
      "clobbers": [
        "window.FileUploadResult"
      ]
    },
    {
      "id": "construct-plugin-file.FileWriter",
      "file": "plugins/construct-plugin-file/www/FileWriter.js",
      "pluginId": "construct-plugin-file",
      "clobbers": [
        "window.FileWriter"
      ]
    },
    {
      "id": "construct-plugin-file.Flags",
      "file": "plugins/construct-plugin-file/www/Flags.js",
      "pluginId": "construct-plugin-file",
      "clobbers": [
        "window.Flags"
      ]
    },
    {
      "id": "construct-plugin-file.LocalFileSystem",
      "file": "plugins/construct-plugin-file/www/LocalFileSystem.js",
      "pluginId": "construct-plugin-file",
      "clobbers": [
        "window.LocalFileSystem"
      ],
      "merges": [
        "window"
      ]
    },
    {
      "id": "construct-plugin-file.Metadata",
      "file": "plugins/construct-plugin-file/www/Metadata.js",
      "pluginId": "construct-plugin-file",
      "clobbers": [
        "window.Metadata"
      ]
    },
    {
      "id": "construct-plugin-file.ProgressEvent",
      "file": "plugins/construct-plugin-file/www/ProgressEvent.js",
      "pluginId": "construct-plugin-file",
      "clobbers": [
        "window.ProgressEvent"
      ]
    },
    {
      "id": "construct-plugin-file.fileSystems",
      "file": "plugins/construct-plugin-file/www/fileSystems.js",
      "pluginId": "construct-plugin-file"
    },
    {
      "id": "construct-plugin-file.requestFileSystem",
      "file": "plugins/construct-plugin-file/www/requestFileSystem.js",
      "pluginId": "construct-plugin-file",
      "clobbers": [
        "window.requestFileSystem"
      ]
    },
    {
      "id": "construct-plugin-file.resolveLocalFileSystemURI",
      "file": "plugins/construct-plugin-file/www/resolveLocalFileSystemURI.js",
      "pluginId": "construct-plugin-file",
      "merges": [
        "window"
      ]
    },
    {
      "id": "construct-plugin-file.isChrome",
      "file": "plugins/construct-plugin-file/www/browser/isChrome.js",
      "pluginId": "construct-plugin-file",
      "runs": true
    },
    {
      "id": "construct-plugin-file.iosFileSystem",
      "file": "plugins/construct-plugin-file/www/ios/FileSystem.js",
      "pluginId": "construct-plugin-file",
      "merges": [
        "FileSystem"
      ]
    },
    {
      "id": "construct-plugin-file.fileSystems-roots",
      "file": "plugins/construct-plugin-file/www/fileSystems-roots.js",
      "pluginId": "construct-plugin-file",
      "runs": true
    },
    {
      "id": "construct-plugin-file.fileSystemPaths",
      "file": "plugins/construct-plugin-file/www/fileSystemPaths.js",
      "pluginId": "construct-plugin-file",
      "merges": [
        "cordova"
      ],
      "runs": true
    },
    {
      "id": "cordova-plugin-wkwebview-engine.ios-wkwebview-exec",
      "file": "plugins/cordova-plugin-wkwebview-engine/src/www/ios/ios-wkwebview-exec.js",
      "pluginId": "cordova-plugin-wkwebview-engine",
      "clobbers": [
        "cordova.exec"
      ]
    },
    {
      "id": "cordova-plugin-wkwebview-engine.ios-wkwebview",
      "file": "plugins/cordova-plugin-wkwebview-engine/src/www/ios/ios-wkwebview.js",
      "pluginId": "cordova-plugin-wkwebview-engine",
      "clobbers": [
        "window.WkWebView"
      ]
    }
  ],
  "plugin_metadata": {
    "cordova-plugin-inappbrowser": "3.2.0",
    "cordova-plugin-whitelist": "1.3.2",
    "construct-plugin-file": "1.0.0",
    "cordova-plugin-wkwebview-engine": "1.2.1"
  }
}
